[
{
    "model": "contenttypes.contenttype",
    "pk": 1,
    "fields": {
        "app_label": "admin",
        "model": "logentry"
    }
},
{
    "model": "contenttypes.contenttype",
    "pk": 2,
    "fields": {
        "app_label": "auth",
        "model": "permission"
    }
},
{
    "model": "contenttypes.contenttype",
    "pk": 3,
    "fields": {
        "app_label": "auth",
        "model": "group"
    }
},
{
    "model": "contenttypes.contenttype",
    "pk": 4,
    "fields": {
        "app_label": "auth",
        "model": "user"
    }
},
{
    "model": "contenttypes.contenttype",
    "pk": 5,
    "fields": {
        "app_label": "contenttypes",
        "model": "contenttype"
    }
},
{
    "model": "contenttypes.contenttype",
    "pk": 6,
    "fields": {
        "app_label": "sessions",
        "model": "session"
    }
},
{
    "model": "contenttypes.contenttype",
    "pk": 7,
    "fields": {
        "app_label": "products",
        "model": "product"
    }
},
{
    "model": "contenttypes.contenttype",
    "pk": 8,
    "fields": {
        "app_label": "tags",
        "model": "tag"
    }
},
{
    "model": "contenttypes.contenttype",
    "pk": 9,
    "fields": {
        "app_label": "carts",
        "model": "cart"
    }
},
{
    "model": "contenttypes.contenttype",
    "pk": 10,
    "fields": {
        "app_label": "orders",
        "model": "order"
    }
},
{
    "model": "contenttypes.contenttype",
    "pk": 11,
    "fields": {
        "app_label": "billing",
        "model": "billingprofile"
    }
},
{
    "model": "contenttypes.contenttype",
    "pk": 12,
    "fields": {
        "app_label": "accounts",
        "model": "guestemail"
    }
},
{
    "model": "contenttypes.contenttype",
    "pk": 13,
    "fields": {
        "app_label": "addresses",
        "model": "address"
    }
},
{
    "model": "contenttypes.contenttype",
    "pk": 14,
    "fields": {
        "app_label": "accounts",
        "model": "user"
    }
},
{
    "model": "contenttypes.contenttype",
    "pk": 15,
    "fields": {
        "app_label": "analytics",
        "model": "objectviewed"
    }
},
{
    "model": "contenttypes.contenttype",
    "pk": 16,
    "fields": {
        "app_label": "analytics",
        "model": "usersession"
    }
},
{
    "model": "contenttypes.contenttype",
    "pk": 17,
    "fields": {
        "app_label": "billing",
        "model": "card"
    }
},
{
    "model": "contenttypes.contenttype",
    "pk": 18,
    "fields": {
        "app_label": "billing",
        "model": "charge"
    }
},
{
    "model": "contenttypes.contenttype",
    "pk": 19,
    "fields": {
        "app_label": "marketing",
        "model": "marketingpreference"
    }
},
{
    "model": "contenttypes.contenttype",
    "pk": 20,
    "fields": {
        "app_label": "accounts",
        "model": "emailactivation"
    }
},
{
    "model": "contenttypes.contenttype",
    "pk": 21,
    "fields": {
        "app_label": "orders",
        "model": "productpurchase"
    }
},
{
    "model": "contenttypes.contenttype",
    "pk": 22,
    "fields": {
        "app_label": "products",
        "model": "productfile"
    }
},
{
    "model": "sessions.session",
    "pk": "1hewoepcuz4gd4ad2zbwl42bm7690lhe",
    "fields": {
        "session_data": "M2FkYjQyZGQzYjJmYTU3OTYzNjNmMDJmZGE4MGRjZjE4OGU3MGJjMjp7ImNhcnRfaWQiOjExOX0=",
        "expire_date": "2017-12-17T05:53:59.186Z"
    }
},
{
    "model": "sessions.session",
    "pk": "1w82naenqxaleewcs184e8b6puup5j22",
    "fields": {
        "session_data": "MTAxMWU4ZWNhMmZmMWY3MWRhZmQ0NjE3ZTcwYzRjZGFkZGQ1YjQ0MDp7ImNhcnRfaWQiOjEyNCwiY2FydF9pdGVtcyI6MX0=",
        "expire_date": "2017-12-17T07:49:31.000Z"
    }
},
{
    "model": "sessions.session",
    "pk": "292q6909ew9o5icgeb01ol5mlzk1kwmh",
    "fields": {
        "session_data": "YWFiODRmMjRkOWZjZTllZmU3YjJmY2Q4M2JmZDA2YjlkNWQyYjExNzp7ImNhcnRfaXRlbXMiOjAsIl9hdXRoX3VzZXJfaWQiOiIxOCIsIl9hdXRoX3VzZXJfYmFja2VuZCI6ImRqYW5nby5jb250cmliLmF1dGguYmFja2VuZHMuTW9kZWxCYWNrZW5kIiwiX2F1dGhfdXNlcl9oYXNoIjoiMjYwZTk0NTVmMTFiNDczYTJiMDAzY2U4Nzc5OWFiMzY5ODIyZWFmNyIsImNhcnRfaWQiOjEyNn0=",
        "expire_date": "2017-12-17T08:22:55.412Z"
    }
},
{
    "model": "sessions.session",
    "pk": "3b82nuoyp3q0qx89guip8vuwqzuf7jpm",
    "fields": {
        "session_data": "MDQ3YTYxNGQ4OTc3NGFmYTJmN2NjNTRhNjFiZDE3NDA0ZjM0OWU3Mjp7ImNhcnRfaWQiOjEyMywiY2FydF9pdGVtcyI6MX0=",
        "expire_date": "2017-12-17T07:46:38.250Z"
    }
},
{
    "model": "sessions.session",
    "pk": "45czd7po2wjusbzb6fx4g75criojw2n7",
    "fields": {
        "session_data": "YTIyZjdlOGM4Njg2Njg4MGJiMzc0ZTMxYmNjYmExNmE5ODZmMGY0Nzp7Il9hdXRoX3VzZXJfaWQiOiIxOCIsIl9hdXRoX3VzZXJfYmFja2VuZCI6ImRqYW5nby5jb250cmliLmF1dGguYmFja2VuZHMuTW9kZWxCYWNrZW5kIiwiX2F1dGhfdXNlcl9oYXNoIjoiMjYwZTk0NTVmMTFiNDczYTJiMDAzY2U4Nzc5OWFiMzY5ODIyZWFmNyIsImNhcnRfaWQiOjEyMCwiY2FydF9pdGVtcyI6MH0=",
        "expire_date": "2017-12-17T06:44:41.164Z"
    }
},
{
    "model": "sessions.session",
    "pk": "r95qt4oupl8jy8oohv3k7cd2k3wv9vcw",
    "fields": {
        "session_data": "MDAxNGViNGMxZDliMzUxNmYwMzE2YmJkM2Y1YThlMGM0MzMyNGU5MTp7ImNhcnRfaWQiOjEyMiwiY2FydF9pdGVtcyI6MywiX2F1dGhfdXNlcl9pZCI6IjE4IiwiX2F1dGhfdXNlcl9iYWNrZW5kIjoiZGphbmdvLmNvbnRyaWIuYXV0aC5iYWNrZW5kcy5Nb2RlbEJhY2tlbmQiLCJfYXV0aF91c2VyX2hhc2giOiIyNjBlOTQ1NWYxMWI0NzNhMmIwMDNjZTg3Nzk5YWIzNjk4MjJlYWY3In0=",
        "expire_date": "2017-12-17T07:42:36.278Z"
    }
},
{
    "model": "sessions.session",
    "pk": "umpflq7y7hcp5dft8rl8kg7ku1pkgrjn",
    "fields": {
        "session_data": "ZmVkMGFjYzU4NTdmOTkwY2Q5ZDAwYzYxYzk1YjVkZWEzNDBlNDI1MTp7Il9hdXRoX3VzZXJfaWQiOiIxIiwiX2F1dGhfdXNlcl9iYWNrZW5kIjoiZGphbmdvLmNvbnRyaWIuYXV0aC5iYWNrZW5kcy5Nb2RlbEJhY2tlbmQiLCJfYXV0aF91c2VyX2hhc2giOiJhYmVkMDM1ZDk1MThlMjYxNmM0YzBiNzMyNTJjNjA4YmY5YWJlYTIxIn0=",
        "expire_date": "2017-12-02T07:18:00.537Z"
    }
},
{
    "model": "sessions.session",
    "pk": "ysriltlr84byoa1iom5kfa79l0t5fbwq",
    "fields": {
        "session_data": "NDBmZjc5NzVkNThmNjA5MWZmODdmZmFlNmY2NDJmM2Y3NWZkNTlmYzp7fQ==",
        "expire_date": "2017-12-15T05:58:32.078Z"
    }
},
{
    "model": "products.product",
    "pk": 1,
    "fields": {
        "title": "T-shirt",
        "slug": "shirt",
        "description": "This is the best T-shirt in the world.",
        "price": "39.99",
        "image": "products/664444406/664444406.jpg",
        "featured": false,
        "active": true,
        "timestamp": "2017-11-20T02:31:55.986Z",
        "is_digital": false
    }
},
{
    "model": "products.product",
    "pk": 2,
    "fields": {
        "title": "Hat",
        "slug": "hat",
        "description": "This is an awesome hat.",
        "price": "39.99",
        "image": "products/2024835964/2024835964.jpg",
        "featured": false,
        "active": true,
        "timestamp": "2017-11-20T02:31:55.986Z",
        "is_digital": false
    }
},
{
    "model": "products.product",
    "pk": 5,
    "fields": {
        "title": "Lorem Ipsum",
        "slug": "LoremIpsum",
        "description": "The standard Lorem Ipsum passage, used since the 1500s\r\n\r\n\"Lorem ipsum dolor sit amet, consectetur adipiscing elit, sed do eiusmod tempor incididunt ut labore et dolore magna aliqua. Ut enim ad minim veniam, quis nostrud exercitation ullamco laboris nisi ut aliquip ex ea commodo consequat. Duis aute irure dolor in reprehenderit in voluptate velit esse cillum dolore eu fugiat nulla pariatur. Excepteur sint occaecat cupidatat non proident, sunt in culpa qui officia deserunt mollit anim id est laborum.\"\r\n\r\nSection 1.10.32 of \"de Finibus Bonorum et Malorum\", written by Cicero in 45 BC\r\n\r\n\"Sed ut perspiciatis unde omnis iste natus error sit voluptatem accusantium doloremque laudantium, totam rem aperiam, eaque ipsa quae ab illo inventore veritatis et quasi architecto beatae vitae dicta sunt explicabo. Nemo enim ipsam voluptatem quia voluptas sit aspernatur aut odit aut fugit, sed quia consequuntur magni dolores eos qui ratione voluptatem sequi nesciunt. Neque porro quisquam est, qui dolorem ipsum quia dolor sit amet, consectetur, adipisci velit, sed quia non numquam eius modi tempora incidunt ut labore et dolore magnam aliquam quaerat voluptatem. Ut enim ad minima veniam, quis nostrum exercitationem ullam corporis suscipit laboriosam, nisi ut aliquid ex ea commodi consequatur? Quis autem vel eum iure reprehenderit qui in ea voluptate velit esse quam nihil molestiae consequatur, vel illum qui dolorem eum fugiat quo voluptas nulla pariatur?\"\r\n\r\n1914 translation by H. Rackham\r\n\r\n\"But I must explain to you how all this mistaken idea of denouncing pleasure and praising pain was born and I will give you a complete account of the system, and expound the actual teachings of the great explorer of the truth, the master-builder of human happiness. No one rejects, dislikes, or avoids pleasure itself, because it is pleasure, but because those who do not know how to pursue pleasure rationally encounter consequences that are extremely painful. Nor again is there anyone who loves or pursues or desires to obtain pain of itself, because it is pain, but because occasionally circumstances occur in which toil and pain can procure him some great pleasure. To take a trivial example, which of us ever undertakes laborious physical exercise, except to obtain some advantage from it? But who has any right to find fault with a man who chooses to enjoy a pleasure that has no annoying consequences, or one who avoids a pain that produces no resultant pleasure?\"\r\n\r\nSection 1.10.33 of \"de Finibus Bonorum et Malorum\", written by Cicero in 45 BC\r\n\r\n\"At vero eos et accusamus et iusto odio dignissimos ducimus qui blanditiis praesentium voluptatum deleniti atque corrupti quos dolores et quas molestias excepturi sint occaecati cupiditate non provident, similique sunt in culpa qui officia deserunt mollitia animi, id est laborum et dolorum fuga. Et harum quidem rerum facilis est et expedita distinctio. Nam libero tempore, cum soluta nobis est eligendi optio cumque nihil impedit quo minus id quod maxime placeat facere possimus, omnis voluptas assumenda est, omnis dolor repellendus. Temporibus autem quibusdam et aut officiis debitis aut rerum necessitatibus saepe eveniet ut et voluptates repudiandae sint et molestiae non recusandae. Itaque earum rerum hic tenetur a sapiente delectus, ut aut reiciendis voluptatibus maiores alias consequatur aut perferendis doloribus asperiores repellat.\"\r\n\r\n1914 translation by H. Rackham\r\n\r\n\"On the other hand, we denounce with righteous indignation and dislike men who are so beguiled and demoralized by the charms of pleasure of the moment, so blinded by desire, that they cannot foresee the pain and trouble that are bound to ensue; and equal blame belongs to those who fail in their duty through weakness of will, which is the same as saying through shrinking from toil and pain. These cases are perfectly simple and easy to distinguish. In a free hour, when our power of choice is untrammelled and when nothing prevents our being able to do what we like best, every pleasure is to be welcomed and every pain avoided. But in certain circumstances and owing to the claims of duty or the obligations of business it will frequently occur that pleasures have to be repudiated and annoyances accepted. The wise man therefore always holds in these matters to this principle of selection: he rejects pleasures to secure other greater pleasures, or else he endures pains to avoid worse pains.\"",
        "price": "39.99",
        "image": "",
        "featured": false,
        "active": true,
        "timestamp": "2017-11-20T02:31:55.986Z",
        "is_digital": false
    }
},
{
    "model": "products.product",
    "pk": 6,
    "fields": {
        "title": "song",
        "slug": "song",
        "description": "song",
        "price": "39.99",
        "image": "",
        "featured": false,
        "active": true,
        "timestamp": "2017-12-03T00:40:10.291Z",
        "is_digital": true
    }
},
{
    "model": "products.product",
    "pk": 7,
    "fields": {
        "title": "video",
        "slug": "video",
        "description": "video",
        "price": "39.99",
        "image": "",
        "featured": false,
        "active": true,
        "timestamp": "2017-12-03T03:02:53.267Z",
        "is_digital": true
    }
},
{
    "model": "products.product",
    "pk": 8,
    "fields": {
        "title": "My Awesome Album",
        "slug": "myawesomealbum",
        "description": "Here is the Album",
        "price": "39.99",
        "image": "products/168548979/168548979.png",
        "featured": false,
        "active": true,
        "timestamp": "2017-12-03T03:53:26.719Z",
        "is_digital": true
    }
},
{
    "model": "products.productfile",
    "pk": 4,
    "fields": {
        "product": 8,
        "file": "products/myawesomealbum/Readme_5rBVhJ8.txt",
        "free": false,
        "user_required": true
    }
},
{
    "model": "tags.tag",
    "pk": 1,
    "fields": {
        "title": "t-shirt",
        "slug": "t-shirt",
        "timestamp": "2017-11-20T08:57:31.238Z",
        "active": true,
        "products": [
            1
        ]
    }
},
{
    "model": "tags.tag",
    "pk": 2,
    "fields": {
        "title": "hat",
        "slug": "hat",
        "timestamp": "2017-11-20T08:57:51.088Z",
        "active": true,
        "products": [
            2
        ]
    }
},
{
    "model": "tags.tag",
    "pk": 3,
    "fields": {
        "title": "black",
        "slug": "black",
        "timestamp": "2017-11-20T08:58:08.513Z",
        "active": true,
        "products": [
            1,
            2,
            5
        ]
    }
},
{
    "model": "orders.order",
    "pk": 5,
    "fields": {
        "order_id": "w7aomvptqc",
        "billing_profile": null,
        "shipping_address": null,
        "billing_address": null,
        "billing_address_final": null,
        "shipping_address_final": null,
        "cart": 28,
        "status": "created",
        "shipping_total": "5.99",
        "total": "49.18",
        "active": true,
        "timestamp": "2017-12-02T07:55:51.590Z",
        "updated": "2017-12-02T08:45:04.086Z"
    }
},
{
    "model": "orders.order",
    "pk": 8,
    "fields": {
        "order_id": "c6wqjcuumt",
        "billing_profile": null,
        "shipping_address": null,
        "billing_address": null,
        "billing_address_final": null,
        "shipping_address_final": null,
        "cart": 31,
        "status": "created",
        "shipping_total": "5.99",
        "total": "49.18",
        "active": true,
        "timestamp": "2017-12-02T07:55:51.590Z",
        "updated": "2017-12-02T08:45:04.148Z"
    }
},
{
    "model": "orders.order",
    "pk": 11,
    "fields": {
        "order_id": "qfs6hqtgh4",
        "billing_profile": null,
        "shipping_address": null,
        "billing_address": null,
        "billing_address_final": null,
        "shipping_address_final": null,
        "cart": 34,
        "status": "created",
        "shipping_total": "5.99",
        "total": "49.18",
        "active": true,
        "timestamp": "2017-12-02T07:55:51.590Z",
        "updated": "2017-12-02T08:45:04.226Z"
    }
},
{
    "model": "orders.order",
    "pk": 82,
    "fields": {
        "order_id": "sgv8daewog",
        "billing_profile": 25,
        "shipping_address": 23,
        "billing_address": 24,
        "billing_address_final": "eee\nee\nee\nee\nUnited States of America\nee",
        "shipping_address_final": "eee\nee\nee\nee\nUnited States of America\nee",
        "cart": 111,
        "status": "paid",
        "shipping_total": "5.99",
        "total": "49.18",
        "active": true,
        "timestamp": "2017-12-02T07:55:51.590Z",
        "updated": "2017-12-02T08:45:04.305Z"
    }
},
{
    "model": "orders.order",
    "pk": 83,
    "fields": {
        "order_id": "jp8v7vthvk",
        "billing_profile": 25,
        "shipping_address": 23,
        "billing_address": 23,
        "billing_address_final": "eee\nee\nee\nee\nUnited States of America\nee",
        "shipping_address_final": "eee\nee\nee\nee\nUnited States of America\nee",
        "cart": 113,
        "status": "paid",
        "shipping_total": "5.99",
        "total": "49.18",
        "active": true,
        "timestamp": "2017-12-02T11:11:20.378Z",
        "updated": "2017-12-02T11:11:29.201Z"
    }
},
{
    "model": "orders.order",
    "pk": 84,
    "fields": {
        "order_id": "ao0110dyh2",
        "billing_profile": 25,
        "shipping_address": 24,
        "billing_address": 23,
        "billing_address_final": "Home\neee\nee\nee\nee\nUnited States of America\nee",
        "shipping_address_final": "\neee\nee\nee\nee\nUnited States of America\nee",
        "cart": 114,
        "status": "paid",
        "shipping_total": "5.99",
        "total": "92.37",
        "active": true,
        "timestamp": "2017-12-03T00:53:24.066Z",
        "updated": "2017-12-03T01:40:04.530Z"
    }
},
{
    "model": "orders.order",
    "pk": 85,
    "fields": {
        "order_id": "g23w3cvfge",
        "billing_profile": 25,
        "shipping_address": 24,
        "billing_address": 24,
        "billing_address_final": "\neee\nee\nee\nee\nUnited States of America\nee",
        "shipping_address_final": "\neee\nee\nee\nee\nUnited States of America\nee",
        "cart": 114,
        "status": "paid",
        "shipping_total": "5.99",
        "total": "92.37",
        "active": true,
        "timestamp": "2017-12-03T01:40:24.892Z",
        "updated": "2017-12-03T01:41:57.815Z"
    }
},
{
    "model": "orders.order",
    "pk": 86,
    "fields": {
        "order_id": "fvuq9h03mr",
        "billing_profile": 25,
        "shipping_address": 24,
        "billing_address": 24,
        "billing_address_final": "\neee\nee\nee\nee\nUnited States of America\nee",
        "shipping_address_final": "\neee\nee\nee\nee\nUnited States of America\nee",
        "cart": 114,
        "status": "paid",
        "shipping_total": "5.99",
        "total": "92.37",
        "active": true,
        "timestamp": "2017-12-03T01:43:01.583Z",
        "updated": "2017-12-03T01:43:27.786Z"
    }
},
{
    "model": "orders.order",
    "pk": 87,
    "fields": {
        "order_id": "ut2ajl3qpj",
        "billing_profile": 25,
        "shipping_address": null,
        "billing_address": 24,
        "billing_address_final": "\neee\nee\nee\nee\nUnited States of America\nee",
        "shipping_address_final": null,
        "cart": 115,
        "status": "paid",
        "shipping_total": "5.99",
        "total": "92.37",
        "active": true,
        "timestamp": "2017-12-03T03:03:11.339Z",
        "updated": "2017-12-03T03:03:18.432Z"
    }
},
{
    "model": "orders.order",
    "pk": 88,
    "fields": {
        "order_id": "y5x2f4xaej",
        "billing_profile": 25,
        "shipping_address": 24,
        "billing_address": 23,
        "billing_address_final": "Home\neee\nee\nee\nee\nUnited States of America\nee",
        "shipping_address_final": "\neee\nee\nee\nee\nUnited States of America\nee",
        "cart": 116,
        "status": "paid",
        "shipping_total": "5.99",
        "total": "49.18",
        "active": true,
        "timestamp": "2017-12-03T03:53:58.647Z",
        "updated": "2017-12-03T03:54:07.345Z"
    }
},
{
    "model": "orders.order",
    "pk": 89,
    "fields": {
        "order_id": "asuorlgt5f",
        "billing_profile": 25,
        "shipping_address": 24,
        "billing_address": 24,
        "billing_address_final": "\neee\nee\nee\nee\nUnited States of America\nee",
        "shipping_address_final": "\neee\nee\nee\nee\nUnited States of America\nee",
        "cart": 125,
        "status": "paid",
        "shipping_total": "5.99",
        "total": "49.18",
        "active": true,
        "timestamp": "2017-12-03T08:22:35.615Z",
        "updated": "2017-12-03T08:22:43.576Z"
    }
},
{
    "model": "orders.productpurchase",
    "pk": 1,
    "fields": {
        "order_id": "fvuq9h03mr",
        "billing_profile": 25,
        "product": 1,
        "refunded": false,
        "updated": "2017-12-03T01:43:27.821Z",
        "timestamp": "2017-12-03T01:43:27.821Z"
    }
},
{
    "model": "orders.productpurchase",
    "pk": 2,
    "fields": {
        "order_id": "fvuq9h03mr",
        "billing_profile": 25,
        "product": 6,
        "refunded": true,
        "updated": "2017-12-03T01:48:04.562Z",
        "timestamp": "2017-12-03T01:43:27.854Z"
    }
},
{
    "model": "orders.productpurchase",
    "pk": 3,
    "fields": {
        "order_id": "ut2ajl3qpj",
        "billing_profile": 25,
        "product": 6,
        "refunded": false,
        "updated": "2017-12-03T03:03:18.462Z",
        "timestamp": "2017-12-03T03:03:18.462Z"
    }
},
{
    "model": "orders.productpurchase",
    "pk": 4,
    "fields": {
        "order_id": "ut2ajl3qpj",
        "billing_profile": 25,
        "product": 7,
        "refunded": false,
        "updated": "2017-12-03T03:03:18.481Z",
        "timestamp": "2017-12-03T03:03:18.481Z"
    }
},
{
    "model": "orders.productpurchase",
    "pk": 5,
    "fields": {
        "order_id": "y5x2f4xaej",
        "billing_profile": 25,
        "product": 8,
        "refunded": false,
        "updated": "2017-12-03T03:54:07.372Z",
        "timestamp": "2017-12-03T03:54:07.372Z"
    }
},
{
    "model": "orders.productpurchase",
    "pk": 6,
    "fields": {
        "order_id": "asuorlgt5f",
        "billing_profile": 25,
        "product": 1,
        "refunded": false,
        "updated": "2017-12-03T08:22:43.598Z",
        "timestamp": "2017-12-03T08:22:43.598Z"
    }
},
{
    "model": "accounts.user",
    "pk": 18,
    "fields": {
        "password": "pbkdf2_sha256$36000$xhoAgW27vXDA$+2p6mJYENV8g0203STeS4lp21TELdjxLo+eux1llgKY=",
        "last_login": "2017-12-03T07:52:03.643Z",
        "email": "hello@gmail.com",
        "full_name": "hello",
        "is_active": true,
        "staff": true,
        "admin": true,
        "timestamp": "2017-12-02T04:21:32.713Z"
    }
},
{
    "model": "billing.billingprofile",
    "pk": 25,
    "fields": {
        "user": 18,
        "email": "hello@gmail.com",
        "customer_id": "cus_BsDfUkRhDg7zaa",
        "active": true,
        "update": "2017-12-02T05:07:25.190Z",
        "timestamp": "2017-12-02T05:07:25.190Z"
    }
},
{
    "model": "billing.card",
    "pk": 20,
    "fields": {
        "billing_prfile": 25,
        "stripe_id": "card_1BUVBTBV4GYyg8Uw5H0lRnJK",
        "brand": "Visa",
        "country": "US",
        "exp_month": 4,
        "exp_year": 2024,
        "last4": "4242",
        "default": true,
        "active": true,
        "timestamp": "2017-12-02T07:13:08.396Z"
    }
},
{
    "model": "billing.charge",
    "pk": 24,
    "fields": {
        "billing_prfile": 25,
        "stripe_id": "ch_1BUVBgBV4GYyg8UwEtl8sV9B",
        "paid": true,
        "refunded": false,
        "outcome": "{\n  \"network_status\": \"approved_by_network\",\n  \"reason\": null,\n  \"risk_level\": \"normal\",\n  \"seller_message\": \"Payment complete.\",\n  \"type\": \"authorized\"\n}",
        "outcome_type": "authorized",
        "seller_message": "Payment complete.",
        "risk_level": "normal"
    }
},
{
    "model": "billing.charge",
    "pk": 25,
    "fields": {
        "billing_prfile": 25,
        "stripe_id": "ch_1BUYuBBV4GYyg8UweBZrNsXD",
        "paid": true,
        "refunded": false,
        "outcome": "{\n  \"network_status\": \"approved_by_network\",\n  \"reason\": null,\n  \"risk_level\": \"normal\",\n  \"seller_message\": \"Payment complete.\",\n  \"type\": \"authorized\"\n}",
        "outcome_type": "authorized",
        "seller_message": "Payment complete.",
        "risk_level": "normal"
    }
},
{
    "model": "billing.charge",
    "pk": 26,
    "fields": {
        "billing_prfile": 25,
        "stripe_id": "ch_1BUmSmBV4GYyg8UwdrvRmvIZ",
        "paid": true,
        "refunded": false,
        "outcome": "{\n  \"network_status\": \"approved_by_network\",\n  \"reason\": null,\n  \"risk_level\": \"normal\",\n  \"seller_message\": \"Payment complete.\",\n  \"type\": \"authorized\"\n}",
        "outcome_type": "authorized",
        "seller_message": "Payment complete.",
        "risk_level": "normal"
    }
},
{
    "model": "billing.charge",
    "pk": 27,
    "fields": {
        "billing_prfile": 25,
        "stripe_id": "ch_1BUmUcBV4GYyg8UwIoXxf9NC",
        "paid": true,
        "refunded": false,
        "outcome": "{\n  \"network_status\": \"approved_by_network\",\n  \"reason\": null,\n  \"risk_level\": \"normal\",\n  \"seller_message\": \"Payment complete.\",\n  \"type\": \"authorized\"\n}",
        "outcome_type": "authorized",
        "seller_message": "Payment complete.",
        "risk_level": "normal"
    }
},
{
    "model": "billing.charge",
    "pk": 28,
    "fields": {
        "billing_prfile": 25,
        "stripe_id": "ch_1BUmW2BV4GYyg8Uw2YPBA7nI",
        "paid": true,
        "refunded": false,
        "outcome": "{\n  \"network_status\": \"approved_by_network\",\n  \"reason\": null,\n  \"risk_level\": \"normal\",\n  \"seller_message\": \"Payment complete.\",\n  \"type\": \"authorized\"\n}",
        "outcome_type": "authorized",
        "seller_message": "Payment complete.",
        "risk_level": "normal"
    }
},
{
    "model": "billing.charge",
    "pk": 29,
    "fields": {
        "billing_prfile": 25,
        "stripe_id": "ch_1BUnlLBV4GYyg8UwgH4E4Edj",
        "paid": true,
        "refunded": false,
        "outcome": "{\n  \"network_status\": \"approved_by_network\",\n  \"reason\": null,\n  \"risk_level\": \"normal\",\n  \"seller_message\": \"Payment complete.\",\n  \"type\": \"authorized\"\n}",
        "outcome_type": "authorized",
        "seller_message": "Payment complete.",
        "risk_level": "normal"
    }
},
{
    "model": "billing.charge",
    "pk": 30,
    "fields": {
        "billing_prfile": 25,
        "stripe_id": "ch_1BUoYWBV4GYyg8Uw63clarUI",
        "paid": true,
        "refunded": false,
        "outcome": "{\n  \"network_status\": \"approved_by_network\",\n  \"reason\": null,\n  \"risk_level\": \"normal\",\n  \"seller_message\": \"Payment complete.\",\n  \"type\": \"authorized\"\n}",
        "outcome_type": "authorized",
        "seller_message": "Payment complete.",
        "risk_level": "normal"
    }
},
{
    "model": "billing.charge",
    "pk": 31,
    "fields": {
        "billing_prfile": 25,
        "stripe_id": "ch_1BUskTBV4GYyg8UwhQSyn8H2",
        "paid": true,
        "refunded": false,
        "outcome": "{\n  \"network_status\": \"approved_by_network\",\n  \"reason\": null,\n  \"risk_level\": \"normal\",\n  \"seller_message\": \"Payment complete.\",\n  \"type\": \"authorized\"\n}",
        "outcome_type": "authorized",
        "seller_message": "Payment complete.",
        "risk_level": "normal"
    }
},
{
    "model": "addresses.address",
    "pk": 23,
    "fields": {
        "billing_profile": 25,
        "name": "Home",
        "nickname": "hello",
        "address_type": "shipping",
        "address_line_1": "eee",
        "address_line_2": "ee",
        "city": "ee",
        "country": "United States of America",
        "state": "ee",
        "postal_code": "ee"
    }
},
{
    "model": "addresses.address",
    "pk": 24,
    "fields": {
        "billing_profile": 25,
        "name": null,
        "nickname": null,
        "address_type": "billing",
        "address_line_1": "eee",
        "address_line_2": "ee",
        "city": "ee",
        "country": "United States of America",
        "state": "ee",
        "postal_code": "ee"
    }
},
{
    "model": "addresses.address",
    "pk": 25,
    "fields": {
        "billing_profile": 25,
        "name": "Hello",
        "nickname": "hello",
        "address_type": "shipping",
        "address_line_1": "wr",
        "address_line_2": "wr",
        "city": "wr",
        "country": "United States of America",
        "state": "wr",
        "postal_code": "123445"
    }
},
{
    "model": "analytics.objectviewed",
    "pk": 5,
    "fields": {
        "user": 18,
        "ip_address": "127.0.0.1",
        "content_type": 7,
        "object_id": 1,
        "timestamp": "2017-12-02T06:03:38.433Z"
    }
},
{
    "model": "analytics.objectviewed",
    "pk": 6,
    "fields": {
        "user": 18,
        "ip_address": "127.0.0.1",
        "content_type": 7,
        "object_id": 2,
        "timestamp": "2017-12-02T06:03:41.187Z"
    }
},
{
    "model": "analytics.objectviewed",
    "pk": 7,
    "fields": {
        "user": 18,
        "ip_address": "127.0.0.1",
        "content_type": 7,
        "object_id": 2,
        "timestamp": "2017-12-02T06:10:38.216Z"
    }
},
{
    "model": "analytics.objectviewed",
    "pk": 8,
    "fields": {
        "user": 18,
        "ip_address": "127.0.0.1",
        "content_type": 7,
        "object_id": 1,
        "timestamp": "2017-12-02T06:10:42.532Z"
    }
},
{
    "model": "analytics.objectviewed",
    "pk": 9,
    "fields": {
        "user": 18,
        "ip_address": "127.0.0.1",
        "content_type": 7,
        "object_id": 8,
        "timestamp": "2017-12-03T03:53:53.843Z"
    }
},
{
    "model": "analytics.objectviewed",
    "pk": 10,
    "fields": {
        "user": 18,
        "ip_address": "127.0.0.1",
        "content_type": 7,
        "object_id": 8,
        "timestamp": "2017-12-03T03:54:22.796Z"
    }
},
{
    "model": "analytics.objectviewed",
    "pk": 11,
    "fields": {
        "user": 18,
        "ip_address": "127.0.0.1",
        "content_type": 7,
        "object_id": 8,
        "timestamp": "2017-12-03T03:54:55.657Z"
    }
},
{
    "model": "analytics.objectviewed",
    "pk": 12,
    "fields": {
        "user": 18,
        "ip_address": "127.0.0.1",
        "content_type": 7,
        "object_id": 2,
        "timestamp": "2017-12-03T04:05:47.427Z"
    }
},
{
    "model": "analytics.objectviewed",
    "pk": 13,
    "fields": {
        "user": 18,
        "ip_address": "127.0.0.1",
        "content_type": 7,
        "object_id": 6,
        "timestamp": "2017-12-03T04:35:28.228Z"
    }
},
{
    "model": "analytics.objectviewed",
    "pk": 14,
    "fields": {
        "user": 18,
        "ip_address": "127.0.0.1",
        "content_type": 7,
        "object_id": 8,
        "timestamp": "2017-12-03T04:42:01.926Z"
    }
},
{
    "model": "analytics.objectviewed",
    "pk": 15,
    "fields": {
        "user": 18,
        "ip_address": "127.0.0.1",
        "content_type": 7,
        "object_id": 8,
        "timestamp": "2017-12-03T05:10:37.174Z"
    }
},
{
    "model": "analytics.objectviewed",
    "pk": 16,
    "fields": {
        "user": 18,
        "ip_address": "127.0.0.1",
        "content_type": 7,
        "object_id": 8,
        "timestamp": "2017-12-03T05:10:47.493Z"
    }
},
{
    "model": "analytics.objectviewed",
    "pk": 17,
    "fields": {
        "user": 18,
        "ip_address": "127.0.0.1",
        "content_type": 7,
        "object_id": 8,
        "timestamp": "2017-12-03T05:10:51.796Z"
    }
},
{
    "model": "analytics.objectviewed",
    "pk": 18,
    "fields": {
        "user": 18,
        "ip_address": "127.0.0.1",
        "content_type": 7,
        "object_id": 8,
        "timestamp": "2017-12-03T05:11:16.292Z"
    }
},
{
    "model": "analytics.objectviewed",
    "pk": 19,
    "fields": {
        "user": 18,
        "ip_address": "127.0.0.1",
        "content_type": 7,
        "object_id": 1,
        "timestamp": "2017-12-03T07:36:51.411Z"
    }
},
{
    "model": "analytics.objectviewed",
    "pk": 20,
    "fields": {
        "user": 18,
        "ip_address": "127.0.0.1",
        "content_type": 7,
        "object_id": 1,
        "timestamp": "2017-12-03T07:52:40.360Z"
    }
},
{
    "model": "analytics.objectviewed",
    "pk": 21,
    "fields": {
        "user": 18,
        "ip_address": "127.0.0.1",
        "content_type": 7,
        "object_id": 8,
        "timestamp": "2017-12-03T07:52:51.894Z"
    }
},
{
    "model": "analytics.objectviewed",
    "pk": 22,
    "fields": {
        "user": 18,
        "ip_address": "127.0.0.1",
        "content_type": 7,
        "object_id": 8,
        "timestamp": "2017-12-03T07:54:52.137Z"
    }
},
{
    "model": "analytics.objectviewed",
    "pk": 23,
    "fields": {
        "user": 18,
        "ip_address": "127.0.0.1",
        "content_type": 7,
        "object_id": 8,
        "timestamp": "2017-12-03T07:55:38.039Z"
    }
},
{
    "model": "analytics.objectviewed",
    "pk": 24,
    "fields": {
        "user": 18,
        "ip_address": "127.0.0.1",
        "content_type": 7,
        "object_id": 8,
        "timestamp": "2017-12-03T07:56:04.968Z"
    }
},
{
    "model": "analytics.objectviewed",
    "pk": 25,
    "fields": {
        "user": 18,
        "ip_address": "127.0.0.1",
        "content_type": 7,
        "object_id": 8,
        "timestamp": "2017-12-03T07:56:08.791Z"
    }
},
{
    "model": "analytics.objectviewed",
    "pk": 26,
    "fields": {
        "user": 18,
        "ip_address": "127.0.0.1",
        "content_type": 7,
        "object_id": 8,
        "timestamp": "2017-12-03T07:56:51.043Z"
    }
},
{
    "model": "analytics.objectviewed",
    "pk": 27,
    "fields": {
        "user": 18,
        "ip_address": "127.0.0.1",
        "content_type": 7,
        "object_id": 8,
        "timestamp": "2017-12-03T07:57:48.253Z"
    }
},
{
    "model": "analytics.objectviewed",
    "pk": 28,
    "fields": {
        "user": 18,
        "ip_address": "127.0.0.1",
        "content_type": 7,
        "object_id": 8,
        "timestamp": "2017-12-03T07:58:20.391Z"
    }
},
{
    "model": "analytics.objectviewed",
    "pk": 29,
    "fields": {
        "user": 18,
        "ip_address": "127.0.0.1",
        "content_type": 7,
        "object_id": 8,
        "timestamp": "2017-12-03T07:58:33.149Z"
    }
},
{
    "model": "analytics.objectviewed",
    "pk": 30,
    "fields": {
        "user": 18,
        "ip_address": "127.0.0.1",
        "content_type": 7,
        "object_id": 7,
        "timestamp": "2017-12-03T08:03:07.795Z"
    }
},
{
    "model": "analytics.usersession",
    "pk": 1,
    "fields": {
        "user": null,
        "ip_address": "127.0.0.1",
        "session_key": "21a7o4z79396t132uicxqydkzkrcw2ok",
        "timestamp": "2017-11-27T01:19:35.071Z",
        "active": false,
        "ended": true
    }
},
{
    "model": "analytics.usersession",
    "pk": 2,
    "fields": {
        "user": null,
        "ip_address": "127.0.0.1",
        "session_key": "0b763igofmvo7xd0knaaznreb1tdh9oa",
        "timestamp": "2017-11-27T01:19:35.071Z",
        "active": false,
        "ended": true
    }
},
{
    "model": "analytics.usersession",
    "pk": 3,
    "fields": {
        "user": null,
        "ip_address": "127.0.0.1",
        "session_key": "0obecy4qim5ld3ut5q84vxcdufirwirr",
        "timestamp": "2017-11-27T01:19:35.071Z",
        "active": false,
        "ended": true
    }
},
{
    "model": "analytics.usersession",
    "pk": 4,
    "fields": {
        "user": null,
        "ip_address": "127.0.0.1",
        "session_key": "942cf2o8lgmqa8vsml9j2xkdfg9zu1dk",
        "timestamp": "2017-11-27T01:19:35.071Z",
        "active": true,
        "ended": false
    }
},
{
    "model": "analytics.usersession",
    "pk": 5,
    "fields": {
        "user": null,
        "ip_address": "127.0.0.1",
        "session_key": "em06nu43qh6gjjzcixijahhjwrmv6gqz",
        "timestamp": "2017-11-27T01:19:35.071Z",
        "active": false,
        "ended": true
    }
},
{
    "model": "analytics.usersession",
    "pk": 6,
    "fields": {
        "user": null,
        "ip_address": "127.0.0.1",
        "session_key": "ngdjxcrdmw46jyl4j5h5e04uz1dw1pn4",
        "timestamp": "2017-11-27T01:19:35.071Z",
        "active": true,
        "ended": false
    }
},
{
    "model": "analytics.usersession",
    "pk": 7,
    "fields": {
        "user": null,
        "ip_address": "127.0.0.1",
        "session_key": "hufljoi93e6mm3w8ul7y9fv4u2v2u7fn",
        "timestamp": "2017-11-27T01:19:35.071Z",
        "active": true,
        "ended": false
    }
},
{
    "model": "analytics.usersession",
    "pk": 8,
    "fields": {
        "user": null,
        "ip_address": "127.0.0.1",
        "session_key": "6n93g1m51gws7dex8iefb7jhzqpsm76f",
        "timestamp": "2017-11-27T01:19:35.071Z",
        "active": true,
        "ended": false
    }
},
{
    "model": "analytics.usersession",
    "pk": 9,
    "fields": {
        "user": null,
        "ip_address": "127.0.0.1",
        "session_key": "gjzwkbvqw9bjihne3igvuzsg49h2njdf",
        "timestamp": "2017-11-27T01:19:35.071Z",
        "active": true,
        "ended": false
    }
},
{
    "model": "analytics.usersession",
    "pk": 27,
    "fields": {
        "user": 18,
        "ip_address": "127.0.0.1",
        "session_key": "y4kylp1bfa17rf67pgo3noh7kqv1wjb8",
        "timestamp": "2017-12-02T04:49:19.009Z",
        "active": true,
        "ended": false
    }
},
{
    "model": "analytics.usersession",
    "pk": 29,
    "fields": {
        "user": 18,
        "ip_address": "127.0.0.1",
        "session_key": "e3kx9i4uh3rnhum976v36bfw8rcvlpbs",
        "timestamp": "2017-12-03T05:51:05.711Z",
        "active": true,
        "ended": false
    }
},
{
    "model": "analytics.usersession",
    "pk": 30,
    "fields": {
        "user": 18,
        "ip_address": "127.0.0.1",
        "session_key": "45czd7po2wjusbzb6fx4g75criojw2n7",
        "timestamp": "2017-12-03T05:59:13.151Z",
        "active": true,
        "ended": false
    }
},
{
    "model": "analytics.usersession",
    "pk": 31,
    "fields": {
        "user": 18,
        "ip_address": "127.0.0.1",
        "session_key": "3wy95vm4xvewqz4hj6dty7dlj2mtc8sl",
        "timestamp": "2017-12-03T06:54:41.606Z",
        "active": true,
        "ended": false
    }
},
{
    "model": "analytics.usersession",
    "pk": 32,
    "fields": {
        "user": 18,
        "ip_address": "127.0.0.1",
        "session_key": "r95qt4oupl8jy8oohv3k7cd2k3wv9vcw",
        "timestamp": "2017-12-03T06:59:18.204Z",
        "active": true,
        "ended": false
    }
},
{
    "model": "analytics.usersession",
    "pk": 33,
    "fields": {
        "user": 18,
        "ip_address": "127.0.0.1",
        "session_key": "292q6909ew9o5icgeb01ol5mlzk1kwmh",
        "timestamp": "2017-12-03T07:52:03.659Z",
        "active": true,
        "ended": false
    }
},
{
    "model": "marketing.marketingpreference",
    "pk": 7,
    "fields": {
        "user": 18,
        "subscribed": true,
        "mailchimp_subscribed": true,
        "mailchimp_msg": "{'id': 'b59a741183b7e1990156a46faa29b60c', 'email_address': 'hello@gmail.com', 'unique_email_id': '73052a3ec7', 'email_type': 'html', 'status': 'subscribed', 'merge_fields': {'FNAME': '', 'LNAME': '', 'BIRTHDAY': ''}, 'stats': {'avg_open_rate': 0, 'avg_click_rate': 0}, 'ip_signup': '', 'timestamp_signup': '', 'ip_opt': '36.22.244.248', 'timestamp_opt': '2017-12-02T04:58:24+00:00', 'member_rating': 2, 'last_changed': '2017-12-02T04:58:24+00:00', 'language': '', 'vip': False, 'email_client': '', 'location': {'latitude': 0, 'longitude': 0, 'gmtoff': 0, 'dstoff': 0, 'country_code': '', 'timezone': ''}, 'list_id': '91a3c56c97', '_links': [{'rel': 'self', 'href': 'https://us17.api.mailchimp.com/3.0/lists/91a3c56c97/members/b59a741183b7e1990156a46faa29b60c', 'method': 'GET', 'targetSchema': 'https://us17.api.mailchimp.com/schema/3.0/Definitions/Lists/Members/Response.json'}, {'rel': 'parent', 'href': 'https://us17.api.mailchimp.com/3.0/lists/91a3c56c97/members', 'method': 'GET', 'targetSchema': 'https://us17.api.mailchimp.com/schema/3.0/Definitions/Lists/Members/CollectionResponse.json', 'schema': 'https://us17.api.mailchimp.com/schema/3.0/CollectionLinks/Lists/Members.json'}, {'rel': 'update', 'href': 'https://us17.api.mailchimp.com/3.0/lists/91a3c56c97/members/b59a741183b7e1990156a46faa29b60c', 'method': 'PATCH', 'targetSchema': 'https://us17.api.mailchimp.com/schema/3.0/Definitions/Lists/Members/Response.json', 'schema': 'https://us17.api.mailchimp.com/schema/3.0/Definitions/Lists/Members/PATCH.json'}, {'rel': 'upsert', 'href': 'https://us17.api.mailchimp.com/3.0/lists/91a3c56c97/members/b59a741183b7e1990156a46faa29b60c', 'method': 'PUT', 'targetSchema': 'https://us17.api.mailchimp.com/schema/3.0/Definitions/Lists/Members/Response.json', 'schema': 'https://us17.api.mailchimp.com/schema/3.0/Definitions/Lists/Members/PUT.json'}, {'rel': 'delete', 'href': 'https://us17.api.mailchimp.com/3.0/lists/91a3c56c97/members/b59a741183b7e1990156a46faa29b60c', 'method': 'DELETE'}, {'rel': 'activity', 'href': 'https://us17.api.mailchimp.com/3.0/lists/91a3c56c97/members/b59a741183b7e1990156a46faa29b60c/activity', 'method': 'GET', 'targetSchema': 'https://us17.api.mailchimp.com/schema/3.0/Definitions/Lists/Members/Activity/Response.json'}, {'rel': 'goals', 'href': 'https://us17.api.mailchimp.com/3.0/lists/91a3c56c97/members/b59a741183b7e1990156a46faa29b60c/goals', 'method': 'GET', 'targetSchema': 'https://us17.api.mailchimp.com/schema/3.0/Definitions/Lists/Members/Goals/Response.json'}, {'rel': 'notes', 'href': 'https://us17.api.mailchimp.com/3.0/lists/91a3c56c97/members/b59a741183b7e1990156a46faa29b60c/notes', 'method': 'GET', 'targetSchema': 'https://us17.api.mailchimp.com/schema/3.0/Definitions/Lists/Members/Notes/CollectionResponse.json'}]}",
        "timestamp": "2017-12-02T04:58:18.494Z",
        "updated": "2017-12-02T04:58:18.494Z"
    }
},
{
    "model": "carts.cart",
    "pk": 28,
    "fields": {
        "user": null,
        "subtotal": "39.99",
        "total": "43.19",
        "updated": "2017-11-24T01:06:24.004Z",
        "timestamp": "2017-11-24T01:06:19.946Z",
        "products": [
            5
        ]
    }
},
{
    "model": "carts.cart",
    "pk": 31,
    "fields": {
        "user": null,
        "subtotal": "39.99",
        "total": "43.19",
        "updated": "2017-11-24T01:50:26.253Z",
        "timestamp": "2017-11-24T01:50:25.013Z",
        "products": [
            5
        ]
    }
},
{
    "model": "carts.cart",
    "pk": 34,
    "fields": {
        "user": null,
        "subtotal": "39.99",
        "total": "43.19",
        "updated": "2017-11-24T02:31:01.542Z",
        "timestamp": "2017-11-24T02:31:00.415Z",
        "products": [
            5
        ]
    }
},
{
    "model": "carts.cart",
    "pk": 55,
    "fields": {
        "user": null,
        "subtotal": "39.99",
        "total": "43.19",
        "updated": "2017-11-24T08:45:51.417Z",
        "timestamp": "2017-11-24T08:45:50.471Z",
        "products": [
            2
        ]
    }
},
{
    "model": "carts.cart",
    "pk": 66,
    "fields": {
        "user": null,
        "subtotal": "79.98",
        "total": "86.38",
        "updated": "2017-11-26T06:24:49.618Z",
        "timestamp": "2017-11-26T06:24:45.629Z",
        "products": [
            2,
            5
        ]
    }
},
{
    "model": "carts.cart",
    "pk": 79,
    "fields": {
        "user": null,
        "subtotal": "79.98",
        "total": "86.38",
        "updated": "2017-11-27T12:27:48.034Z",
        "timestamp": "2017-11-27T12:27:43.826Z",
        "products": [
            2,
            5
        ]
    }
},
{
    "model": "carts.cart",
    "pk": 80,
    "fields": {
        "user": null,
        "subtotal": "119.97",
        "total": "129.57",
        "updated": "2017-11-27T12:32:14.990Z",
        "timestamp": "2017-11-27T12:32:11.352Z",
        "products": [
            1,
            2,
            5
        ]
    }
},
{
    "model": "carts.cart",
    "pk": 82,
    "fields": {
        "user": null,
        "subtotal": "79.98",
        "total": "86.38",
        "updated": "2017-11-27T12:33:09.967Z",
        "timestamp": "2017-11-27T12:33:07.413Z",
        "products": [
            1,
            2
        ]
    }
},
{
    "model": "carts.cart",
    "pk": 83,
    "fields": {
        "user": null,
        "subtotal": "119.97",
        "total": "129.57",
        "updated": "2017-11-27T13:22:48.989Z",
        "timestamp": "2017-11-27T12:37:05.394Z",
        "products": [
            1,
            2,
            5
        ]
    }
},
{
    "model": "carts.cart",
    "pk": 84,
    "fields": {
        "user": null,
        "subtotal": "119.97",
        "total": "129.57",
        "updated": "2017-11-27T13:24:33.308Z",
        "timestamp": "2017-11-27T13:24:29.981Z",
        "products": [
            1,
            2,
            5
        ]
    }
},
{
    "model": "carts.cart",
    "pk": 98,
    "fields": {
        "user": null,
        "subtotal": "0.00",
        "total": "0.00",
        "updated": "2017-11-29T11:45:13.662Z",
        "timestamp": "2017-11-29T11:45:13.662Z",
        "products": []
    }
},
{
    "model": "carts.cart",
    "pk": 107,
    "fields": {
        "user": null,
        "subtotal": "39.99",
        "total": "43.19",
        "updated": "2017-12-02T02:52:45.335Z",
        "timestamp": "2017-12-02T02:52:42.526Z",
        "products": [
            2
        ]
    }
},
{
    "model": "carts.cart",
    "pk": 109,
    "fields": {
        "user": null,
        "subtotal": "39.99",
        "total": "43.19",
        "updated": "2017-12-02T03:02:16.039Z",
        "timestamp": "2017-12-02T03:01:45.355Z",
        "products": [
            2
        ]
    }
},
{
    "model": "carts.cart",
    "pk": 110,
    "fields": {
        "user": null,
        "subtotal": "0.00",
        "total": "0.00",
        "updated": "2017-12-02T03:54:54.836Z",
        "timestamp": "2017-12-02T03:54:54.837Z",
        "products": []
    }
},
{
    "model": "carts.cart",
    "pk": 111,
    "fields": {
        "user": 18,
        "subtotal": "39.99",
        "total": "43.19",
        "updated": "2017-12-02T07:04:44.856Z",
        "timestamp": "2017-12-02T05:35:08.081Z",
        "products": [
            2
        ]
    }
},
{
    "model": "carts.cart",
    "pk": 112,
    "fields": {
        "user": 18,
        "subtotal": "0.00",
        "total": "0.00",
        "updated": "2017-12-02T07:56:37.006Z",
        "timestamp": "2017-12-02T07:56:37.006Z",
        "products": []
    }
},
{
    "model": "carts.cart",
    "pk": 113,
    "fields": {
        "user": 18,
        "subtotal": "39.99",
        "total": "43.19",
        "updated": "2017-12-02T11:11:17.192Z",
        "timestamp": "2017-12-02T11:11:15.156Z",
        "products": [
            2
        ]
    }
},
{
    "model": "carts.cart",
    "pk": 114,
    "fields": {
        "user": 18,
        "subtotal": "79.98",
        "total": "86.38",
        "updated": "2017-12-03T01:39:20.853Z",
        "timestamp": "2017-12-03T00:27:03.027Z",
        "products": [
            1,
            6
        ]
    }
},
{
    "model": "carts.cart",
    "pk": 115,
    "fields": {
        "user": 18,
        "subtotal": "79.98",
        "total": "86.38",
        "updated": "2017-12-03T03:03:07.789Z",
        "timestamp": "2017-12-03T01:48:20.309Z",
        "products": [
            6,
            7
        ]
    }
},
{
    "model": "carts.cart",
    "pk": 116,
    "fields": {
        "user": 18,
        "subtotal": "39.99",
        "total": "43.19",
        "updated": "2017-12-03T03:53:56.038Z",
        "timestamp": "2017-12-03T03:53:50.270Z",
        "products": [
            8
        ]
    }
},
{
    "model": "carts.cart",
    "pk": 117,
    "fields": {
        "user": 18,
        "subtotal": "0.00",
        "total": "0.00",
        "updated": "2017-12-03T03:54:22.815Z",
        "timestamp": "2017-12-03T03:54:22.815Z",
        "products": []
    }
},
{
    "model": "carts.cart",
    "pk": 118,
    "fields": {
        "user": null,
        "subtotal": "0.00",
        "total": "0.00",
        "updated": "2017-12-03T05:50:58.373Z",
        "timestamp": "2017-12-03T05:50:58.373Z",
        "products": []
    }
},
{
    "model": "carts.cart",
    "pk": 119,
    "fields": {
        "user": null,
        "subtotal": "0.00",
        "total": "0.00",
        "updated": "2017-12-03T05:53:59.121Z",
        "timestamp": "2017-12-03T05:53:59.121Z",
        "products": []
    }
},
{
    "model": "carts.cart",
    "pk": 120,
    "fields": {
        "user": 18,
        "subtotal": "39.99",
        "total": "43.19",
        "updated": "2017-12-03T06:44:41.159Z",
        "timestamp": "2017-12-03T05:59:15.116Z",
        "products": []
    }
},
{
    "model": "carts.cart",
    "pk": 121,
    "fields": {
        "user": 18,
        "subtotal": "159.96",
        "total": "172.76",
        "updated": "2017-12-03T06:54:43.646Z",
        "timestamp": "2017-12-03T06:46:49.545Z",
        "products": [
            1,
            6,
            7,
            8
        ]
    }
},
{
    "model": "carts.cart",
    "pk": 122,
    "fields": {
        "user": 18,
        "subtotal": "119.97",
        "total": "129.57",
        "updated": "2017-12-03T07:42:36.248Z",
        "timestamp": "2017-12-03T06:56:39.696Z",
        "products": [
            1,
            2,
            6
        ]
    }
},
{
    "model": "carts.cart",
    "pk": 123,
    "fields": {
        "user": null,
        "subtotal": "39.99",
        "total": "43.19",
        "updated": "2017-12-03T07:46:38.219Z",
        "timestamp": "2017-12-03T07:46:30.405Z",
        "products": [
            1
        ]
    }
},
{
    "model": "carts.cart",
    "pk": 124,
    "fields": {
        "user": null,
        "subtotal": "39.99",
        "total": "43.19",
        "updated": "2017-12-03T07:49:30.968Z",
        "timestamp": "2017-12-03T07:47:42.244Z",
        "products": [
            7
        ]
    }
},
{
    "model": "carts.cart",
    "pk": 125,
    "fields": {
        "user": 18,
        "subtotal": "39.99",
        "total": "43.19",
        "updated": "2017-12-03T07:52:04.912Z",
        "timestamp": "2017-12-03T07:50:45.371Z",
        "products": [
            1
        ]
    }
},
{
    "model": "carts.cart",
    "pk": 126,
    "fields": {
        "user": 18,
        "subtotal": "0.00",
        "total": "0.00",
        "updated": "2017-12-03T08:22:55.302Z",
        "timestamp": "2017-12-03T08:22:55.302Z",
        "products": []
    }
},
{
    "model": "auth.permission",
    "pk": 1,
    "fields": {
        "name": "Can add log entry",
        "content_type": 1,
        "codename": "add_logentry"
    }
},
{
    "model": "auth.permission",
    "pk": 2,
    "fields": {
        "name": "Can change log entry",
        "content_type": 1,
        "codename": "change_logentry"
    }
},
{
    "model": "auth.permission",
    "pk": 3,
    "fields": {
        "name": "Can delete log entry",
        "content_type": 1,
        "codename": "delete_logentry"
    }
},
{
    "model": "auth.permission",
    "pk": 4,
    "fields": {
        "name": "Can add permission",
        "content_type": 2,
        "codename": "add_permission"
    }
},
{
    "model": "auth.permission",
    "pk": 5,
    "fields": {
        "name": "Can change permission",
        "content_type": 2,
        "codename": "change_permission"
    }
},
{
    "model": "auth.permission",
    "pk": 6,
    "fields": {
        "name": "Can delete permission",
        "content_type": 2,
        "codename": "delete_permission"
    }
},
{
    "model": "auth.permission",
    "pk": 7,
    "fields": {
        "name": "Can add group",
        "content_type": 3,
        "codename": "add_group"
    }
},
{
    "model": "auth.permission",
    "pk": 8,
    "fields": {
        "name": "Can change group",
        "content_type": 3,
        "codename": "change_group"
    }
},
{
    "model": "auth.permission",
    "pk": 9,
    "fields": {
        "name": "Can delete group",
        "content_type": 3,
        "codename": "delete_group"
    }
},
{
    "model": "auth.permission",
    "pk": 10,
    "fields": {
        "name": "Can add user",
        "content_type": 4,
        "codename": "add_user"
    }
},
{
    "model": "auth.permission",
    "pk": 11,
    "fields": {
        "name": "Can change user",
        "content_type": 4,
        "codename": "change_user"
    }
},
{
    "model": "auth.permission",
    "pk": 12,
    "fields": {
        "name": "Can delete user",
        "content_type": 4,
        "codename": "delete_user"
    }
},
{
    "model": "auth.permission",
    "pk": 13,
    "fields": {
        "name": "Can add content type",
        "content_type": 5,
        "codename": "add_contenttype"
    }
},
{
    "model": "auth.permission",
    "pk": 14,
    "fields": {
        "name": "Can change content type",
        "content_type": 5,
        "codename": "change_contenttype"
    }
},
{
    "model": "auth.permission",
    "pk": 15,
    "fields": {
        "name": "Can delete content type",
        "content_type": 5,
        "codename": "delete_contenttype"
    }
},
{
    "model": "auth.permission",
    "pk": 16,
    "fields": {
        "name": "Can add session",
        "content_type": 6,
        "codename": "add_session"
    }
},
{
    "model": "auth.permission",
    "pk": 17,
    "fields": {
        "name": "Can change session",
        "content_type": 6,
        "codename": "change_session"
    }
},
{
    "model": "auth.permission",
    "pk": 18,
    "fields": {
        "name": "Can delete session",
        "content_type": 6,
        "codename": "delete_session"
    }
},
{
    "model": "auth.permission",
    "pk": 19,
    "fields": {
        "name": "Can add product",
        "content_type": 7,
        "codename": "add_product"
    }
},
{
    "model": "auth.permission",
    "pk": 20,
    "fields": {
        "name": "Can change product",
        "content_type": 7,
        "codename": "change_product"
    }
},
{
    "model": "auth.permission",
    "pk": 21,
    "fields": {
        "name": "Can delete product",
        "content_type": 7,
        "codename": "delete_product"
    }
},
{
    "model": "auth.permission",
    "pk": 22,
    "fields": {
        "name": "Can add tag",
        "content_type": 8,
        "codename": "add_tag"
    }
},
{
    "model": "auth.permission",
    "pk": 23,
    "fields": {
        "name": "Can change tag",
        "content_type": 8,
        "codename": "change_tag"
    }
},
{
    "model": "auth.permission",
    "pk": 24,
    "fields": {
        "name": "Can delete tag",
        "content_type": 8,
        "codename": "delete_tag"
    }
},
{
    "model": "auth.permission",
    "pk": 25,
    "fields": {
        "name": "Can add cart",
        "content_type": 9,
        "codename": "add_cart"
    }
},
{
    "model": "auth.permission",
    "pk": 26,
    "fields": {
        "name": "Can change cart",
        "content_type": 9,
        "codename": "change_cart"
    }
},
{
    "model": "auth.permission",
    "pk": 27,
    "fields": {
        "name": "Can delete cart",
        "content_type": 9,
        "codename": "delete_cart"
    }
},
{
    "model": "auth.permission",
    "pk": 28,
    "fields": {
        "name": "Can add order",
        "content_type": 10,
        "codename": "add_order"
    }
},
{
    "model": "auth.permission",
    "pk": 29,
    "fields": {
        "name": "Can change order",
        "content_type": 10,
        "codename": "change_order"
    }
},
{
    "model": "auth.permission",
    "pk": 30,
    "fields": {
        "name": "Can delete order",
        "content_type": 10,
        "codename": "delete_order"
    }
},
{
    "model": "auth.permission",
    "pk": 31,
    "fields": {
        "name": "Can add billing profile",
        "content_type": 11,
        "codename": "add_billingprofile"
    }
},
{
    "model": "auth.permission",
    "pk": 32,
    "fields": {
        "name": "Can change billing profile",
        "content_type": 11,
        "codename": "change_billingprofile"
    }
},
{
    "model": "auth.permission",
    "pk": 33,
    "fields": {
        "name": "Can delete billing profile",
        "content_type": 11,
        "codename": "delete_billingprofile"
    }
},
{
    "model": "auth.permission",
    "pk": 34,
    "fields": {
        "name": "Can add guest email",
        "content_type": 12,
        "codename": "add_guestemail"
    }
},
{
    "model": "auth.permission",
    "pk": 35,
    "fields": {
        "name": "Can change guest email",
        "content_type": 12,
        "codename": "change_guestemail"
    }
},
{
    "model": "auth.permission",
    "pk": 36,
    "fields": {
        "name": "Can delete guest email",
        "content_type": 12,
        "codename": "delete_guestemail"
    }
},
{
    "model": "auth.permission",
    "pk": 37,
    "fields": {
        "name": "Can add address",
        "content_type": 13,
        "codename": "add_address"
    }
},
{
    "model": "auth.permission",
    "pk": 38,
    "fields": {
        "name": "Can change address",
        "content_type": 13,
        "codename": "change_address"
    }
},
{
    "model": "auth.permission",
    "pk": 39,
    "fields": {
        "name": "Can delete address",
        "content_type": 13,
        "codename": "delete_address"
    }
},
{
    "model": "auth.permission",
    "pk": 40,
    "fields": {
        "name": "Can add user",
        "content_type": 14,
        "codename": "add_user"
    }
},
{
    "model": "auth.permission",
    "pk": 41,
    "fields": {
        "name": "Can change user",
        "content_type": 14,
        "codename": "change_user"
    }
},
{
    "model": "auth.permission",
    "pk": 42,
    "fields": {
        "name": "Can delete user",
        "content_type": 14,
        "codename": "delete_user"
    }
},
{
    "model": "auth.permission",
    "pk": 43,
    "fields": {
        "name": "Can add Object viewed",
        "content_type": 15,
        "codename": "add_objectviewed"
    }
},
{
    "model": "auth.permission",
    "pk": 44,
    "fields": {
        "name": "Can change Object viewed",
        "content_type": 15,
        "codename": "change_objectviewed"
    }
},
{
    "model": "auth.permission",
    "pk": 45,
    "fields": {
        "name": "Can delete Object viewed",
        "content_type": 15,
        "codename": "delete_objectviewed"
    }
},
{
    "model": "auth.permission",
    "pk": 46,
    "fields": {
        "name": "Can add user session",
        "content_type": 16,
        "codename": "add_usersession"
    }
},
{
    "model": "auth.permission",
    "pk": 47,
    "fields": {
        "name": "Can change user session",
        "content_type": 16,
        "codename": "change_usersession"
    }
},
{
    "model": "auth.permission",
    "pk": 48,
    "fields": {
        "name": "Can delete user session",
        "content_type": 16,
        "codename": "delete_usersession"
    }
},
{
    "model": "auth.permission",
    "pk": 49,
    "fields": {
        "name": "Can add card",
        "content_type": 17,
        "codename": "add_card"
    }
},
{
    "model": "auth.permission",
    "pk": 50,
    "fields": {
        "name": "Can change card",
        "content_type": 17,
        "codename": "change_card"
    }
},
{
    "model": "auth.permission",
    "pk": 51,
    "fields": {
        "name": "Can delete card",
        "content_type": 17,
        "codename": "delete_card"
    }
},
{
    "model": "auth.permission",
    "pk": 52,
    "fields": {
        "name": "Can add charge",
        "content_type": 18,
        "codename": "add_charge"
    }
},
{
    "model": "auth.permission",
    "pk": 53,
    "fields": {
        "name": "Can change charge",
        "content_type": 18,
        "codename": "change_charge"
    }
},
{
    "model": "auth.permission",
    "pk": 54,
    "fields": {
        "name": "Can delete charge",
        "content_type": 18,
        "codename": "delete_charge"
    }
},
{
    "model": "auth.permission",
    "pk": 55,
    "fields": {
        "name": "Can add marketing preference",
        "content_type": 19,
        "codename": "add_marketingpreference"
    }
},
{
    "model": "auth.permission",
    "pk": 56,
    "fields": {
        "name": "Can change marketing preference",
        "content_type": 19,
        "codename": "change_marketingpreference"
    }
},
{
    "model": "auth.permission",
    "pk": 57,
    "fields": {
        "name": "Can delete marketing preference",
        "content_type": 19,
        "codename": "delete_marketingpreference"
    }
},
{
    "model": "auth.permission",
    "pk": 58,
    "fields": {
        "name": "Can add email activation",
        "content_type": 20,
        "codename": "add_emailactivation"
    }
},
{
    "model": "auth.permission",
    "pk": 59,
    "fields": {
        "name": "Can change email activation",
        "content_type": 20,
        "codename": "change_emailactivation"
    }
},
{
    "model": "auth.permission",
    "pk": 60,
    "fields": {
        "name": "Can delete email activation",
        "content_type": 20,
        "codename": "delete_emailactivation"
    }
},
{
    "model": "auth.permission",
    "pk": 61,
    "fields": {
        "name": "Can add product purchase",
        "content_type": 21,
        "codename": "add_productpurchase"
    }
},
{
    "model": "auth.permission",
    "pk": 62,
    "fields": {
        "name": "Can change product purchase",
        "content_type": 21,
        "codename": "change_productpurchase"
    }
},
{
    "model": "auth.permission",
    "pk": 63,
    "fields": {
        "name": "Can delete product purchase",
        "content_type": 21,
        "codename": "delete_productpurchase"
    }
},
{
    "model": "auth.permission",
    "pk": 64,
    "fields": {
        "name": "Can add product file",
        "content_type": 22,
        "codename": "add_productfile"
    }
},
{
    "model": "auth.permission",
    "pk": 65,
    "fields": {
        "name": "Can change product file",
        "content_type": 22,
        "codename": "change_productfile"
    }
},
{
    "model": "auth.permission",
    "pk": 66,
    "fields": {
        "name": "Can delete product file",
        "content_type": 22,
        "codename": "delete_productfile"
    }
},
{
    "model": "admin.logentry",
    "pk": 152,
    "fields": {
        "action_time": "2017-12-02T10:52:49.897Z",
        "user": 18,
        "content_type": 11,
        "object_id": "22",
        "object_repr": "",
        "action_flag": 3,
        "change_message": ""
    }
},
{
    "model": "admin.logentry",
    "pk": 153,
    "fields": {
        "action_time": "2017-12-03T00:40:10.292Z",
        "user": 18,
        "content_type": 7,
        "object_id": "6",
        "object_repr": "song",
        "action_flag": 1,
        "change_message": "[{\"added\": {}}]"
    }
},
{
    "model": "admin.logentry",
    "pk": 154,
    "fields": {
        "action_time": "2017-12-03T01:48:04.564Z",
        "user": 18,
        "content_type": 21,
        "object_id": "2",
        "object_repr": "song",
        "action_flag": 2,
        "change_message": "[{\"changed\": {\"fields\": [\"refunded\"]}}]"
    }
},
{
    "model": "admin.logentry",
    "pk": 155,
    "fields": {
        "action_time": "2017-12-03T03:02:53.269Z",
        "user": 18,
        "content_type": 7,
        "object_id": "7",
        "object_repr": "video",
        "action_flag": 1,
        "change_message": "[{\"added\": {}}]"
    }
},
{
    "model": "admin.logentry",
    "pk": 156,
    "fields": {
        "action_time": "2017-12-03T03:53:26.727Z",
        "user": 18,
        "content_type": 7,
        "object_id": "8",
        "object_repr": "My Awesome Album",
        "action_flag": 1,
        "change_message": "[{\"added\": {}}, {\"added\": {\"name\": \"product file\", \"object\": \"products/Readme.txt\"}}]"
    }
},
{
    "model": "admin.logentry",
    "pk": 157,
    "fields": {
        "action_time": "2017-12-03T03:54:19.145Z",
        "user": 18,
        "content_type": 7,
        "object_id": "8",
        "object_repr": "My Awesome Album",
        "action_flag": 2,
        "change_message": "[{\"changed\": {\"fields\": [\"is_digital\"]}}]"
    }
},
{
    "model": "admin.logentry",
    "pk": 158,
    "fields": {
        "action_time": "2017-12-03T04:01:14.875Z",
        "user": 18,
        "content_type": 7,
        "object_id": "8",
        "object_repr": "My Awesome Album",
        "action_flag": 2,
        "change_message": "[{\"deleted\": {\"name\": \"product file\", \"object\": \"products/Readme.txt\"}}]"
    }
},
{
    "model": "admin.logentry",
    "pk": 159,
    "fields": {
        "action_time": "2017-12-03T04:01:25.179Z",
        "user": 18,
        "content_type": 7,
        "object_id": "8",
        "object_repr": "My Awesome Album",
        "action_flag": 2,
        "change_message": "[{\"added\": {\"name\": \"product file\", \"object\": \"products/myawesomealbum/Readme.txt\"}}]"
    }
},
{
    "model": "admin.logentry",
    "pk": 160,
    "fields": {
        "action_time": "2017-12-03T04:14:07.360Z",
        "user": 18,
        "content_type": 7,
        "object_id": "8",
        "object_repr": "My Awesome Album",
        "action_flag": 2,
        "change_message": "[{\"added\": {\"name\": \"product file\", \"object\": \"products/myawesomealbum/Readme_fknGFXw.txt\"}}, {\"changed\": {\"name\": \"product file\", \"object\": \"products/myawesomealbum/Readme.txt\", \"fields\": [\"file\"]}}]"
    }
},
{
    "model": "admin.logentry",
    "pk": 161,
    "fields": {
        "action_time": "2017-12-03T04:14:48.291Z",
        "user": 18,
        "content_type": 7,
        "object_id": "8",
        "object_repr": "My Awesome Album",
        "action_flag": 2,
        "change_message": "[{\"deleted\": {\"name\": \"product file\", \"object\": \"products/myawesomealbum/Readme.txt\"}}, {\"deleted\": {\"name\": \"product file\", \"object\": \"products/myawesomealbum/Readme_fknGFXw.txt\"}}]"
    }
},
{
    "model": "admin.logentry",
    "pk": 162,
    "fields": {
        "action_time": "2017-12-03T04:16:03.613Z",
        "user": 18,
        "content_type": 7,
        "object_id": "8",
        "object_repr": "My Awesome Album",
        "action_flag": 2,
        "change_message": "[{\"added\": {\"name\": \"product file\", \"object\": \"products/myawesomealbum/Readme_5rBVhJ8.txt\"}}]"
    }
},
{
    "model": "admin.logentry",
    "pk": 163,
    "fields": {
        "action_time": "2017-12-03T05:12:09.882Z",
        "user": 18,
        "content_type": 7,
        "object_id": "8",
        "object_repr": "My Awesome Album",
        "action_flag": 2,
        "change_message": "[{\"changed\": {\"fields\": [\"image\"]}}]"
    }
},
{
    "model": "admin.logentry",
    "pk": 164,
    "fields": {
        "action_time": "2017-12-03T05:50:37.013Z",
        "user": 18,
        "content_type": 7,
        "object_id": "8",
        "object_repr": "My Awesome Album",
        "action_flag": 2,
        "change_message": "[{\"changed\": {\"name\": \"product file\", \"object\": \"products/myawesomealbum/Readme_5rBVhJ8.txt\", \"fields\": [\"user_required\"]}}]"
    }
},
{
    "model": "admin.logentry",
    "pk": 165,
    "fields": {
        "action_time": "2017-12-03T06:44:27.877Z",
        "user": 18,
        "content_type": 7,
        "object_id": "1",
        "object_repr": "T-shirt",
        "action_flag": 2,
        "change_message": "[{\"changed\": {\"fields\": [\"is_digital\"]}}]"
    }
},
{
    "model": "admin.logentry",
    "pk": 166,
    "fields": {
        "action_time": "2017-12-03T08:04:28.782Z",
        "user": 18,
        "content_type": 7,
        "object_id": "1",
        "object_repr": "T-shirt",
        "action_flag": 2,
        "change_message": "[{\"changed\": {\"fields\": [\"is_digital\"]}}]"
    }
},
{
    "model": "admin.logentry",
    "pk": 167,
    "fields": {
        "action_time": "2017-12-03T12:15:09.122Z",
        "user": 18,
        "content_type": 12,
        "object_id": "22",
        "object_repr": "hello@gmail.com",
        "action_flag": 3,
        "change_message": ""
    }
},
{
    "model": "admin.logentry",
    "pk": 168,
    "fields": {
        "action_time": "2017-12-03T12:15:09.149Z",
        "user": 18,
        "content_type": 12,
        "object_id": "21",
        "object_repr": "hello@gmail.com",
        "action_flag": 3,
        "change_message": ""
    }
},
{
    "model": "admin.logentry",
    "pk": 169,
    "fields": {
        "action_time": "2017-12-03T12:15:09.187Z",
        "user": 18,
        "content_type": 12,
        "object_id": "20",
        "object_repr": "sy@gmail.com",
        "action_flag": 3,
        "change_message": ""
    }
},
{
    "model": "admin.logentry",
    "pk": 170,
    "fields": {
        "action_time": "2017-12-03T12:15:09.219Z",
        "user": 18,
        "content_type": 12,
        "object_id": "19",
        "object_repr": "sy@gmail.com",
        "action_flag": 3,
        "change_message": ""
    }
},
{
    "model": "admin.logentry",
    "pk": 171,
    "fields": {
        "action_time": "2017-12-03T12:15:09.248Z",
        "user": 18,
        "content_type": 12,
        "object_id": "18",
        "object_repr": "qqq@gmail.com",
        "action_flag": 3,
        "change_message": ""
    }
},
{
    "model": "admin.logentry",
    "pk": 172,
    "fields": {
        "action_time": "2017-12-03T12:15:09.276Z",
        "user": 18,
        "content_type": 12,
        "object_id": "17",
        "object_repr": "aaa@gmail.com",
        "action_flag": 3,
        "change_message": ""
    }
},
{
    "model": "admin.logentry",
    "pk": 173,
    "fields": {
        "action_time": "2017-12-03T12:15:09.293Z",
        "user": 18,
        "content_type": 12,
        "object_id": "16",
        "object_repr": "aaaaa@gmail.com",
        "action_flag": 3,
        "change_message": ""
    }
},
{
    "model": "admin.logentry",
    "pk": 174,
    "fields": {
        "action_time": "2017-12-03T12:15:09.306Z",
        "user": 18,
        "content_type": 12,
        "object_id": "15",
        "object_repr": "qqq@gmail.com",
        "action_flag": 3,
        "change_message": ""
    }
},
{
    "model": "admin.logentry",
    "pk": 175,
    "fields": {
        "action_time": "2017-12-03T12:15:09.320Z",
        "user": 18,
        "content_type": 12,
        "object_id": "14",
        "object_repr": "eee@gmail.com",
        "action_flag": 3,
        "change_message": ""
    }
},
{
    "model": "admin.logentry",
    "pk": 176,
    "fields": {
        "action_time": "2017-12-03T12:15:09.332Z",
        "user": 18,
        "content_type": 12,
        "object_id": "13",
        "object_repr": "ttt@gmail.com",
        "action_flag": 3,
        "change_message": ""
    }
},
{
    "model": "admin.logentry",
    "pk": 177,
    "fields": {
        "action_time": "2017-12-03T12:15:09.346Z",
        "user": 18,
        "content_type": 12,
        "object_id": "12",
        "object_repr": "wwww@gmail.com",
        "action_flag": 3,
        "change_message": ""
    }
},
{
    "model": "admin.logentry",
    "pk": 178,
    "fields": {
        "action_time": "2017-12-03T12:15:09.372Z",
        "user": 18,
        "content_type": 12,
        "object_id": "11",
        "object_repr": "ttt@gmail.com",
        "action_flag": 3,
        "change_message": ""
    }
},
{
    "model": "admin.logentry",
    "pk": 179,
    "fields": {
        "action_time": "2017-12-03T12:15:09.403Z",
        "user": 18,
        "content_type": 12,
        "object_id": "10",
        "object_repr": "qqq@gmail.com",
        "action_flag": 3,
        "change_message": ""
    }
},
{
    "model": "admin.logentry",
    "pk": 180,
    "fields": {
        "action_time": "2017-12-03T12:15:09.440Z",
        "user": 18,
        "content_type": 12,
        "object_id": "9",
        "object_repr": "ttt@gmail.com",
        "action_flag": 3,
        "change_message": ""
    }
},
{
    "model": "admin.logentry",
    "pk": 181,
    "fields": {
        "action_time": "2017-12-03T12:15:09.467Z",
        "user": 18,
        "content_type": 12,
        "object_id": "8",
        "object_repr": "fff@gmail.com",
        "action_flag": 3,
        "change_message": ""
    }
},
{
    "model": "admin.logentry",
    "pk": 182,
    "fields": {
        "action_time": "2017-12-03T12:15:09.489Z",
        "user": 18,
        "content_type": 12,
        "object_id": "7",
        "object_repr": "rrr@gmail.com",
        "action_flag": 3,
        "change_message": ""
    }
},
{
    "model": "admin.logentry",
    "pk": 183,
    "fields": {
        "action_time": "2017-12-03T12:15:09.500Z",
        "user": 18,
        "content_type": 12,
        "object_id": "6",
        "object_repr": "eee@gmail.com",
        "action_flag": 3,
        "change_message": ""
    }
},
{
    "model": "admin.logentry",
    "pk": 184,
    "fields": {
        "action_time": "2017-12-03T12:15:09.513Z",
        "user": 18,
        "content_type": 12,
        "object_id": "5",
        "object_repr": "eee@gmail.com",
        "action_flag": 3,
        "change_message": ""
    }
},
{
    "model": "admin.logentry",
    "pk": 185,
    "fields": {
        "action_time": "2017-12-03T12:15:09.529Z",
        "user": 18,
        "content_type": 12,
        "object_id": "4",
        "object_repr": "ccc@gmail.com",
        "action_flag": 3,
        "change_message": ""
    }
},
{
    "model": "admin.logentry",
    "pk": 186,
    "fields": {
        "action_time": "2017-12-03T12:15:09.547Z",
        "user": 18,
        "content_type": 12,
        "object_id": "3",
        "object_repr": "bbb@gmail.com",
        "action_flag": 3,
        "change_message": ""
    }
},
{
    "model": "admin.logentry",
    "pk": 187,
    "fields": {
        "action_time": "2017-12-03T12:15:09.567Z",
        "user": 18,
        "content_type": 12,
        "object_id": "2",
        "object_repr": "aaa@gmail.com",
        "action_flag": 3,
        "change_message": ""
    }
},
{
    "model": "admin.logentry",
    "pk": 188,
    "fields": {
        "action_time": "2017-12-03T12:15:09.594Z",
        "user": 18,
        "content_type": 12,
        "object_id": "1",
        "object_repr": "abcdef@gmail.com",
        "action_flag": 3,
        "change_message": ""
    }
},
{
    "model": "admin.logentry",
    "pk": 189,
    "fields": {
        "action_time": "2017-12-03T12:15:30.303Z",
        "user": 18,
        "content_type": 20,
        "object_id": "8",
        "object_repr": "hello@gmail.com",
        "action_flag": 3,
        "change_message": ""
    }
},
{
    "model": "admin.logentry",
    "pk": 190,
    "fields": {
        "action_time": "2017-12-03T12:15:30.333Z",
        "user": 18,
        "content_type": 20,
        "object_id": "7",
        "object_repr": "sylviawei19950920@outlook.com",
        "action_flag": 3,
        "change_message": ""
    }
},
{
    "model": "admin.logentry",
    "pk": 191,
    "fields": {
        "action_time": "2017-12-03T12:15:48.810Z",
        "user": 18,
        "content_type": 14,
        "object_id": "1",
        "object_repr": "sylvia@gmail.com",
        "action_flag": 3,
        "change_message": ""
    }
},
{
    "model": "admin.logentry",
    "pk": 192,
    "fields": {
        "action_time": "2017-12-03T12:15:48.841Z",
        "user": 18,
        "content_type": 14,
        "object_id": "17",
        "object_repr": "sylviawei19950920@outlook.com",
        "action_flag": 3,
        "change_message": ""
    }
},
{
    "model": "admin.logentry",
    "pk": 193,
    "fields": {
        "action_time": "2017-12-03T12:16:07.563Z",
        "user": 18,
        "content_type": 11,
        "object_id": "24",
        "object_repr": "hello@gmail.com",
        "action_flag": 3,
        "change_message": ""
    }
}
]
